{"mean": [0.0057799999999999995, 0.00016999999999999993, -0.25606, 0.00016999999999999993, 8.00402, 0.0057799999999999995, -0.25606, 0.00016999999999999993, 8.00402], "std_dev": [0.7103186549711333, 0.8218886610119402, 0.6650347933755045, 0.8218886610119402, 46.93817064862669, 0.7103186549711333, 0.6650347933755045, 0.8218886610119402, 46.93817064862669]}