{"num_feature1": [-12.7282, -12.418, -12.136, -11.854, -11.572, -11.29, -11.008, -10.725999999999999, -10.443999999999999, -10.161999999999999, -9.879999999999999, -9.597999999999999, -9.315999999999999, -9.033999999999999, -8.751999999999999, -8.469999999999999, -8.187999999999999, -7.906, -7.624, -7.342, -7.06, -6.778, -6.4959999999999996, -6.2139999999999995, -5.932, -5.65, -5.368, -5.086, -4.804, -4.522, -4.24, -3.958, -3.676, -3.394, -3.112, -2.83, -2.548, -2.266, -1.984, -1.702, -1.42, -1.138, -0.8559999999999999, -0.5739999999999998, -0.2919999999999998, -0.009999999999999787, 0.27200000000000024, 0.5540000000000003, 0.8359999999999985, 1.1179999999999986, 1.3999999999999986, 1.6819999999999986, 1.9639999999999986, 2.2459999999999987, 2.5279999999999987, 2.8099999999999987, 3.0919999999999987, 3.3739999999999988, 3.655999999999999, 3.937999999999999, 4.219999999999999, 4.501999999999999, 4.783999999999999, 5.065999999999999, 5.347999999999999, 5.629999999999999, 5.911999999999999, 6.193999999999999, 6.475999999999999, 6.757999999999999, 7.039999999999999, 7.321999999999999, 7.603999999999999, 7.885999999999999, 8.168, 8.45, 8.732, 9.014, 9.296, 9.578, 9.86, 10.142, 10.424, 10.706, 10.988, 11.27, 11.552, 11.834, 12.116, 12.398, 12.68, 12.962, 13.244, 13.526, 13.808, 14.09, 14.371999999999996, 14.653999999999996, 14.935999999999996, 15.217999999999996, 15.5], "num_feature2": [-1.4122, -1.156, -0.9119999999999999, -0.6679999999999998, -0.4239999999999998, -0.17999999999999972, 0.06400000000000028, 0.3080000000000003, 0.5520000000000003, 0.7960000000000003, 1.0400000000000005, 1.2840000000000003, 1.5280000000000005, 1.7720000000000002, 2.0160000000000005, 2.2600000000000002, 2.5040000000000004, 2.7480000000000007, 2.9920000000000004, 3.236, 3.480000000000001, 3.7240000000000006, 3.9680000000000004, 4.212, 4.456000000000001, 4.700000000000001, 4.944000000000001, 5.188000000000001, 5.432, 5.676, 5.92, 6.1640000000000015, 6.408000000000001, 6.652000000000001, 6.896000000000001, 7.140000000000001, 7.384, 7.628, 7.872, 8.116, 8.360000000000001, 8.604000000000001, 8.848, 9.092, 9.336, 9.58, 9.824, 10.068000000000001, 10.312000000000001, 10.556000000000001, 10.8]}