{"mean": [0.004400000000000003, 0.7077999999999999], "std_dev": [0.7298908411536618, 0.2764280979447157]}