{"mean": [0.0057799999999999995, 0.00016999999999999993], "std_dev": [0.7103186549711333, 0.8218886610119402]}