{"num_feature2": [-1.002, -0.98, -0.96, -0.94, -0.92, -0.9, -0.88, -0.86, -0.84, -0.8200000000000001, -0.8, -0.78, -0.76, -0.74, -0.72, -0.7, -0.6799999999999999, -0.6599999999999999, -0.64, -0.62, -0.6, -0.5800000000000001, -0.56, -0.54, -0.52, -0.5, -0.48, -0.45999999999999996, -0.43999999999999995, -0.42000000000000004, -0.4, -0.38, -0.36, -0.33999999999999997, -0.31999999999999995, -0.29999999999999993, -0.28, -0.26, -0.24, -0.21999999999999997, -0.19999999999999996, -0.17999999999999994, -0.16000000000000003, -0.14, -0.12, -0.09999999999999998, -0.07999999999999996, -0.05999999999999994, -0.040000000000000036, -0.020000000000000018, 0.0, 0.020000000000000018, 0.040000000000000036, 0.06000000000000005, 0.08000000000000007, 0.10000000000000009, 0.1200000000000001, 0.14000000000000012, 0.15999999999999992, 0.17999999999999994, 0.19999999999999996, 0.21999999999999997, 0.24, 0.26, 0.28, 0.30000000000000004, 0.32000000000000006, 0.3400000000000001, 0.3600000000000001, 0.3800000000000001, 0.40000000000000013, 0.41999999999999993, 0.43999999999999995, 0.45999999999999996, 0.48, 0.5, 0.52, 0.54, 0.56, 0.5800000000000001, 0.6000000000000001, 0.6200000000000001, 0.6400000000000001, 0.6600000000000001, 0.6799999999999999, 0.7, 0.72, 0.74, 0.76, 0.78, 0.8, 0.8200000000000001, 0.8400000000000001, 0.8600000000000001, 0.8800000000000001, 0.9000000000000001, 0.9199999999999999, 0.94, 0.96, 0.98, 1.0], "num_feature4": [-1.7334, 34.668, 69.336, 104.00399999999999, 138.672, 173.34, 208.00799999999998, 242.676, 277.344, 312.012, 346.68, 381.348, 416.01599999999996, 450.68399999999997, 485.352, 520.02, 554.688, 589.356, 624.024, 658.692, 693.36, 728.028, 762.696, 797.364, 832.0319999999999, 866.6999999999999, 901.3679999999999, 936.036, 970.704, 1005.372, 1040.04, 1074.708, 1109.376, 1144.0439999999999, 1178.712, 1213.3799999999999, 1248.048, 1282.716, 1317.384, 1352.052, 1386.72, 1421.388, 1456.056, 1490.724, 1525.392, 1560.06, 1594.728, 1629.396, 1664.0639999999999, 1698.732, 1733.4]}