{"num_feature1": [-1.002, -0.98, -0.96, -0.94, -0.92, -0.9, -0.88, -0.86, -0.84, -0.8200000000000001, -0.8, -0.78, -0.76, -0.74, -0.72, -0.7, -0.6799999999999999, -0.6599999999999999, -0.64, -0.62, -0.6, -0.5800000000000001, -0.56, -0.54, -0.52, -0.5, -0.48, -0.45999999999999996, -0.43999999999999995, -0.42000000000000004, -0.4, -0.38, -0.36, -0.33999999999999997, -0.31999999999999995, -0.29999999999999993, -0.28, -0.26, -0.24, -0.21999999999999997, -0.19999999999999996, -0.17999999999999994, -0.16000000000000003, -0.14, -0.12, -0.09999999999999998, -0.07999999999999996, -0.05999999999999994, -0.040000000000000036, -0.020000000000000018, 0.0, 0.020000000000000018, 0.040000000000000036, 0.06000000000000005, 0.08000000000000007, 0.10000000000000009, 0.1200000000000001, 0.14000000000000012, 0.15999999999999992, 0.17999999999999994, 0.19999999999999996, 0.21999999999999997, 0.24, 0.26, 0.28, 0.30000000000000004, 0.32000000000000006, 0.3400000000000001, 0.3600000000000001, 0.3800000000000001, 0.40000000000000013, 0.41999999999999993, 0.43999999999999995, 0.45999999999999996, 0.48, 0.5, 0.52, 0.54, 0.56, 0.5800000000000001, 0.6000000000000001, 0.6200000000000001, 0.6400000000000001, 0.6600000000000001, 0.6799999999999999, 0.7, 0.72, 0.74, 0.76, 0.78, 0.8, 0.8200000000000001, 0.8400000000000001, 0.8600000000000001, 0.8800000000000001, 0.9000000000000001, 0.9199999999999999, 0.94, 0.96, 0.98, 1.0], "num_feature2": [-2.3164, -1.972, -1.644, -1.3159999999999998, -0.988, -0.6600000000000001, -0.3320000000000001, -0.0040000000000000036, 0.32399999999999984, 0.6519999999999997, 0.9799999999999995, 1.3079999999999998, 1.6359999999999997, 1.9639999999999995, 2.292, 2.619999999999999, 2.9479999999999995, 3.276, 3.603999999999999, 3.9319999999999995, 4.259999999999999, 4.587999999999999, 4.9159999999999995, 5.243999999999999, 5.571999999999999, 5.8999999999999995, 6.227999999999999, 6.555999999999998, 6.8839999999999995, 7.211999999999999, 7.539999999999998, 7.867999999999999, 8.195999999999998, 8.523999999999997, 8.852, 9.18, 9.508, 9.835999999999999, 10.163999999999998, 10.491999999999997, 10.819999999999997, 11.148, 11.475999999999999, 11.803999999999998, 12.131999999999998, 12.459999999999997, 12.787999999999997, 13.116, 13.443999999999999, 13.771999999999998, 14.1]}