{"num_feature2": [-1.002, -0.98, -0.96, -0.94, -0.92, -0.9, -0.88, -0.86, -0.84, -0.8200000000000001, -0.8, -0.78, -0.76, -0.74, -0.72, -0.7, -0.6799999999999999, -0.6599999999999999, -0.64, -0.62, -0.6, -0.5800000000000001, -0.56, -0.54, -0.52, -0.5, -0.48, -0.45999999999999996, -0.43999999999999995, -0.42000000000000004, -0.4, -0.38, -0.36, -0.33999999999999997, -0.31999999999999995, -0.29999999999999993, -0.28, -0.26, -0.24, -0.21999999999999997, -0.19999999999999996, -0.17999999999999994, -0.16000000000000003, -0.14, -0.12, -0.09999999999999998, -0.07999999999999996, -0.05999999999999994, -0.040000000000000036, -0.020000000000000018, 0.0, 0.020000000000000018, 0.040000000000000036, 0.06000000000000005, 0.08000000000000007, 0.10000000000000009, 0.1200000000000001, 0.14000000000000012, 0.15999999999999992, 0.17999999999999994, 0.19999999999999996, 0.21999999999999997, 0.24, 0.26, 0.28, 0.30000000000000004, 0.32000000000000006, 0.3400000000000001, 0.3600000000000001, 0.3800000000000001, 0.40000000000000013, 0.41999999999999993, 0.43999999999999995, 0.45999999999999996, 0.48, 0.5, 0.52, 0.54, 0.56, 0.5800000000000001, 0.6000000000000001, 0.6200000000000001, 0.6400000000000001, 0.6600000000000001, 0.6799999999999999, 0.7, 0.72, 0.74, 0.76, 0.78, 0.8, 0.8200000000000001, 0.8400000000000001, 0.8600000000000001, 0.8800000000000001, 0.9000000000000001, 0.9199999999999999, 0.94, 0.96, 0.98, 1.0], "num_feature4": [-0.001, 0.02, 0.04, 0.06, 0.08, 0.1, 0.12, 0.14, 0.16, 0.18, 0.2, 0.22, 0.24, 0.26, 0.28, 0.3, 0.32, 0.34, 0.36, 0.38, 0.4, 0.42, 0.44, 0.46, 0.48, 0.5, 0.52, 0.54, 0.56, 0.58, 0.6, 0.62, 0.64, 0.66, 0.68, 0.7000000000000001, 0.72, 0.74, 0.76, 0.78, 0.8, 0.8200000000000001, 0.84, 0.86, 0.88, 0.9, 0.92, 0.9400000000000001, 0.96, 0.98, 1.0]}