{"mean": [7.58265, 3.3505300000000005], "std_dev": [48.56538297982937, 4.732205798472844]}